text,label,pre_labeled
It's probably the defining movie of the 2010s and has been popular almost the entire time Letterboxd has been a thing.,hot_take,1
I thought the whole point of the ending was that it was meant to be intentionally banal. He tries to transcend what's happened to him and the film ends with someone else speaking on his behalf and giving a ham-fisted account of his work that seems totally at odds with how he intended it.,critique,1
Calling 2001 ahead of its time is an understatement. I still don't understand how half the scenes were shot in that movie.,reaction,1
This was my favorite film of all time. I embrace the flaws because it makes me appreciate its strengths.,reaction,1
I cried throughout the entirety of All of Us Strangers. There's nothing like it. It's built to make you sob.,reaction,1
I will never not be upset that Toni Collette wasn't even NOMINATED for the Oscars for best actress for Hereditary — that dining scene alone should've been enough.,hot_take,1
"The pendulum on Emilia Perez has swung too far. With the way it's being bombarded with so much vitriol online, I dare say it's approaching underrated. For me it was just okay — ambitious, but quite messy.",critique,1
Saoirse Ronan — Brooklyn could be such a bore and typical film if not for her affecting performance. She's fantastic.,critique,1
When mom is driving away from the airport it's alligator tears for me! I feel like this hits some daughters' mommy issues button,reaction,1
Emilia Perez doesn't deal with transphobia. No one even clocks her as trans. This seems entirely unconcerned with the trans experience as such — it's using being trans as a literary device to explore issues of identity and gender.,critique,1
The Big Short makes me so fucking angry at the world every time I watch it.,reaction,1
"EEAAO asks the audience a million different checks and if it lands for you its one of the best movies ever made, if you fail check one then its the worst ever. The entire script is a giant gamble of creativity and it worked. If you think a raccoon controlled chef is cringe its over, if you think noodle fingers is too far its over. Constant goofy and wild moments that escalate and escalate. If you tick all boxes it has one of the highest emotional payoffs I have seen.",critique,1
"I love any movie where a scientist has to explain wormholes to another scientist by folding some paper in half and stabbing it with a pen. Having said that, Event Horizon did it better.",hot_take,1
Half these comments are confusing themes with plot,hot_take,1
I do not understand why Oppenheimer was so critically lauded and award winning. It was just a very serviceable movie.,hot_take,1
It absolutely has profundity to it. Just at the modicum level I'd expect of a BP nominee/winner. There's just a bit of cultural nuance and the bigger issue is that people will still just focus on the absurdity elements they don't like to write it off completely.,critique,1
I cried for 30 minutes after the movie was finished,reaction,1
"Angel's Egg is very dreary and I love that about it. Something I noticed while watching it is that the young girl's wishes aren't respected by the other character. She wishes to be left alone by the older guy in the movie, but her words are ignored. There is also something off putting in the way she carries the egg under her dress — it looks similar to a pregnant woman's baby bump.",critique,1
Come and See and Godzilla Minus One showed me the Japanese really know how to make post war Japan feel like literal hell.,hot_take,1
I love Blade Runner but I can see why some people don't — not a whole lot actually happens,hot_take,1
"Emilia Perez is ambitious and dynamic, with solid performances and interesting camera work. I didn't love it but I thought it was good. A solid 3.5/5.",hot_take,1
Dancer in the Dark,reaction,1
I was a wreck. Spent the entire walk back to the station crying,reaction,1
"I think it's funny that whenever a post asks for unpopular opinions, the actual unpopular opinions are downvoted to hell",reaction,1
"The Vanishing is such an interesting movie. While watching it, I thought it was a well done thriller, but not necessarily horror. A week later, I'd concluded it was the most quietly chilling movie I'd ever seen.",critique,1
I enjoyed Sinners a lot but the hype definitely set my expectations higher than they should've been.,reaction,1
"Maybe a hot take, but The Brutalist's entire epilogue was completely unnecessary. It was doing pretty well up until the point Corbet seemed that he hadn't gotten his point across and started just explaining it with all the nuance and grace of a sledgehammer.",hot_take,1
Longlegs big time. Really enjoyed the movie until that monologue/half baked ending,hot_take,1
"I just watched The Iron Claw yesterday, and I walked out of the theater needing a bunch of tissues. It's one of the most tragic stories that I've ever seen on film... but also one of my favorite movies of the year.",reaction,1
"Requiem For A Dream — I watched this when it first came out and I never watched it again because it's too heavy. I've been watching it again as a forty-something woman and it's a completely different movie. It's a beautiful story about life, not drugs, nor addiction. It's about loneliness, the futility of dreams, a love that can never bloom, tragedy, loss. It's sublime and you can't understand it until you've gone through those things personally.",critique,1
"I literally laughed and cried at the same time watching this movie, it was one of the most raw moments in cinema from all the movies I've watched in my life.",reaction,1
"Oppenheimer. Initially, I thought it was like a documentary with a good budget. But now, looking back I rather have just watched a PBS style documentary of the event instead.",hot_take,1
"1930 All Quiet on the Western Front is my favorite adaptation of that book. Something that sticks with me is when the main character returns home openly talking about how awful warfare is, his own teacher and the class he's teaching say that he is weak. The civilians who support the war effort refuse to acknowledge the traumas soldiers experience.",critique,1
Arrival wrecked me. I've never cried that hard at a movie.,reaction,1
"incendies.. that bus scene wrecked me, i've never cried so hard at a film before",reaction,1
Ad Astra having Tommy Lee Jones yell 'Let Me Go' over and over again felt more embarrassing to watch than surfing a Nuke's shockwave.,reaction,1
"There is also a set of people that are just straight up contrarian that actively want to be against the grain. The moment something gets some hype, they actively lose any interest they might've gotten beforehand.",hot_take,1
Sinners was a 9/10 for me for the first half and then the second half was like a 6. Its biggest strength is its characters and those kind of fall by the wayside once the action starts. It really doesn't seem like action is Coogler's strength (see the ugly-ass action scenes in Black Panther).,critique,1
They really do beat you over the head with that theme in Frankenstein. Zero subtext like the book.,critique,1
"Most recently, Aftersun destroyed me. Bones and All was another that got me good and proper, and You Were Never Really Here.",reaction,1
"The problem with Barbie though is that media literacy is so low that a lot of people still didn't get the movie, even after the scenes where it overexplains everything",hot_take,1
"Only movie I've fallen asleep to and desperately looked up discussion/analysis for while it was still playing (I'm Thinking of Ending Things), yet wanted to rewatch it the moment it ended after realizing it has enough meaning to justify how boring it was.",reaction,1
No one can ever convince me that this isn't one of the best movies ever made.,hot_take,1
Sam Rockwell knocked it out of the park in White Lotus!,hot_take,1
Train To Busan - I was in tears throughout half of this movie. Great zombie movie too.,reaction,1
"Andrew Scott overacts in everything — no sense of subtlety. What would a normal person do? Okay, let me do that plus an additional 30%.",critique,1
"I love Andrew Scott, and I think his performance in Fleabag is one of my favorites of the last few years. However, I just could not deal with him in Ripley because the casting felt so ridiculous. He felt a solid 20 years too old for that role.",critique,1
EEAAO was overrated since it came out,hot_take,1
"Brendan Gleeson is so underrated, no matter the size of the role he never gives a bad performance. I wish he got more lead roles.",hot_take,1
Olivia Colman will be considered one of the best of all time before her career is over. She's like one big Hollywood drama away from Streep status. Her range is arguably better though as I don't think Streep could have done Peep Show.,hot_take,1
I honestly believe the acting oscars this movie got are all undeserved.,hot_take,1
The ending of Past Lives wrecked me.,reaction,1
"lots of people refer to this as the 'Seinfeld isn't funny' issue — a lot of people who get older and decide to try watching Seinfeld can't get into it, but that's because it's the mould. If you can remove that mindset it's great — and it's safe to say that applies to older films like Citizen Kane",critique,1
Hereditary is one of the best horror films of all time thanks to Toni Collette's performance.,hot_take,1
"The plot of Emilia Perez, while it has a good and original premise, soon turns very generic — by the third act when the secret is out it's just every criminal-on-the-run movie you've ever seen.",critique,1
Daniel Kaluuya and LaKeith Stanfield in a film should've done insane. They both were excellent in it.,hot_take,1
"Barry Keoghan — the first thing I saw him in was Killing of a Sacred Deer, and I just couldn't take my eyes off him. There's something really mesmerising about the way he acts.",hot_take,1
The movie itself was just ok for the most part but her mom's explanation monologue definitely overstayed its welcome.,critique,1
This one was too sad to even cry. It just left me feeling completely hollowed out.,reaction,1
Emilia Perez is the most overrated movie I've seen in years. The music feels like dialogue made to vaguely rhyme and fit a half-baked melody. The Spanish translating genuinely feels like it was done by Duolingo.,hot_take,1
"What's fascinating about Emilia Perez is both audiences and critics seem to strongly dislike it, so the only group giving it momentum is awards bodies, and I just can't understand why.",critique,1
Man Obsession was good but I really don't think it was nearly as interesting as the other 2 movies in OPs image or the others mentioned here. The whole 'he was the bad guy!!!' part didn't feel that deep and I believe done before. Good movie but more on the level of fun horror like a Drag Me to Hell or Abigail.,hot_take,1
"I love Andrew Scott but he was terrible as Moriarty in Sherlock. Of course Sherlock in general was terrible, but he was the worst part of it for me.",critique,1
I find Ethan Hawke entertaining even in shit movies. His filmography's crazy but nevertheless interesting!,hot_take,1
"Andrew Scott in All of Us Strangers is simply brilliant. This film completely blew my mind, but tbh, his acting makes the script even more successful.",hot_take,1
"Killing of a Sacred Deer. I f'in HATE it for what it did to me! But I'm glad I could forgive Lanthimos and go to the theater to see Poor Things, because that was beautiful.",reaction,1
Umberto D is the saddest movie ever made.,hot_take,1
I was NOT prepared for EEAAO. Watch it and cry before your mother tells you she hated it.,reaction,1
Fleabag is one of the greatest television shows of all time but it rarely gets mentioned.,hot_take,1
IT FOLLOWS MIGHT BE THE MOVIE THAT CREEPED ME OUT THE MOST,reaction,1
"Most Ghibli movies, I don't know what about them, but they make me cry, like obviously Grave Of The Fireflies, but also My Neighbor Totoro and ESPECIALLY The Tale Of The Princess Kaguya.",reaction,1
Not even Nolan's best imo,hot_take,1
"'Atonement' — me and my friends were crying hard for 30 mins straight, I'll never forget it.",reaction,1
Soul mate (2023). I literally cried for like ten straight hours after watching that movie.,reaction,1
"I found Citizen Kane boring the first time. Mostly because my expectations were too high. I rewatched it a few years later, having seen many more movies of its time, and movies that came just before it. It's just so ahead of its time in every way that it's mind blowing.",reaction,1
"Everyone knows Where the Wild Things Are is about anger, but not everyone knows The Whale is also about anger.",critique,1
"The range of Dafoe is purely insane. From heavy existential drama to comedy, he just nails it every time.",hot_take,1
Stalker... Could've told me it was actually 9 hours long after I watched it and I would've believed you.,reaction,1
The fact that Toni Collette doesn't have an Oscar is an outrage.,hot_take,1
"Any time someone asks me for a movie rec, I tell them Aftersun — gotten at least five 'I hate you, I sobbed' since so I won't be stopping anytime soon",reaction,1
"Her. Such a boring and predictable movie, only good thing about it is Joaquin Phoenix's performance.",hot_take,1
Interstellar — I full on sobbed until my head hurt because I felt bad for Tom. I've seen this movie twice and I refuse to watch again because of how ugly I cry.,reaction,1
Her role in The Favourite is one of the best performances I've ever seen.,hot_take,1
Colin Farrell's performance in Banshees of Inisherin and Killing of a Sacred Deer shows incredible range.,hot_take,1
"It's a great film about space and humanity, has cool concepts on time, has a strong emotional core, has a great score, has a great central performance surrounded by other recognisable faces, looks awesome, is epic but moves quick, is directed by the biggest director of the 21st century.",critique,1
Jesse Plemons has been in so many meh movies but is ALWAYS the best thing about them.,hot_take,1
Nolan is firmly in 'not my taste' category but I know it's an unpopular opinion.,hot_take,1
I kind of loved Heretic BECAUSE of this. People are annoyed he came across like some lame edgelord... I thought that was great. There ARE people like that. To imagine them doing something like the events in the film MADE SENSE.,critique,1
"Willem Dafoe always hits, even if the movie sucks he's usually the best part of it. It kinda blows my mind he hasn't won an Oscar yet.",hot_take,1
Paris Texas. I cry at like five different times in that movie and cry the hardest at the end.,reaction,1
"The issue I have with movies like this and others like Encanto, is that they show abusive family dynamics where behaviour is easily forgotten and fixed by the end of the movie. It's just not realistic and I wish we saw more healthy and realistic portrayals where family trauma and abuse is handled without sensationalism.",critique,1
"Interstellar is Schrödinger's rated — completely overrated or underrated depending on the community you're in. r/letterboxd and most of reddit overrate it massively, r/truefilm can't stop jerking themselves off over how overrated Nolan is long enough to realize they've looped around to underrating him.",critique,1
"Citizen Kane comes with a lot of context. Of all the things Orson Welles was doing at the time that no one else was, and then it got copied so much it becomes hard to understand what made it great by modern people who have seen tons of movies.",critique,1
Sinners was insanely overhyped. People tried forcing it as some grand masterpiece when it clearly wasn't.,hot_take,1
"Judas & The Black Messiah was so good, it should've been way bigger than it was.",hot_take,1
"If the academy had any balls, she should have been nominated for Hereditary. She probably would have won it too.",hot_take,1
Joker is essentially if Taxi Driver and The King of Comedy had a lovechild. Joaquin Phoenix does a great performance that on the surface looks like the Joker but is more mentally ill than criminal mastermind. The movie is good. But people touting it as a masterpiece escape me. There are issues with the nature of the message and the fact that Todd Phillips positioned the movie as some anti-pc counterculture piece of art.,critique,1
"Yup, which makes it very Marvel, at times. Build towards an impactful moment and then completely deflate its emotional weight with some lazy and avoidant quip.",critique,1
It getting a screenplay nomination over No Other Choice is astonishing to me.,hot_take,1
The ending was one of the most stupid things I've seen in film.,hot_take,1
For The Whale I sat in the theater for a good ten minutes after the credits were over with my head in my hands; just sobbing. It hit really close to home.,reaction,1
"Killers of the Flower Moon. I feel like I watched a different movie than everyone else because it is so painfully long and boring yet most of the people who've seen it absolutely love it. If Scorsese hadn't made it, I think it would get more hate.",hot_take,1
Requiem for a Dream has got to be one of the most sad movies I've ever seen. The Whale is also really sad. Darren Aronofsky knows how to make sad.,hot_take,1
Toni Collette immediately melts into any character she plays. She can play ANYTHING. Underrated IMO.,hot_take,1
"I've watched Lady Bird a million times, and always tear up at the scene where Lady Bird is comforting her ex-boyfriend after discovering he's gay, while at the same time her mom is comforting the high school drama teacher who's suffering from depression. Her and her mom are complete opposites and always at odds, but at the end of the day, they both have the same impulse to take care of people.",critique,1
Sam Rockwell can be in bad films but his performances are always great.,hot_take,1
"First watch I thought the film was a masterpiece. Second watch I realized how unsubtle the dialogue is, to the point it's like the movie thinks the audience is stupid. Still a fantastic movie. But very much a movie Netflix got their grubby mitts on.",hot_take,1
Oppenheimer is the only good Nolan film,hot_take,1
"It's really interesting to compare Toni Collette's performance in Sixth Sense to her performance in Hereditary. Both are iconic horror films where she plays a mother, but the two performances couldn't be more different.",critique,1
Got lucky to see All We Imagine as Light in theatre last year. Best movie of 2024 IMO.,hot_take,1
"It's a messy film that strains under the weight of its own ambition. There are maybe 4 or 5 2010s sci-fi that are much better, even if they aren't as flashy.",critique,1
"I personally thought Andrew Scott was horrible in Ripley, nowhere near charismatic enough to pull off the role. It was too unrealistic for him to pull off the Ripley character with such little charm.",critique,1
IMO this movie is a surrealist view on relationships and how time and age affect those relationships. Because of that I think it touches a lot of people. This movie is more about emotions than science.,critique,1
I Saw the TV Glow was right there if you wanted to pay attention to actual trans stories. One of the most impactful movies I've seen in 2024.,hot_take,1
Aftersun — the emptiness and hard gut feeling I got as the credits started rolling is something I've never felt before.,reaction,1
"Shoplifters (2018) — that film has so much heart, it really hurts towards the end.",reaction,1
"David Tennant is my choice. Doctor Who, Jessica Jones, Good Omens, Broadchurch, Casanova. Even in bad movies or shows, I've never seen him give a bad performance.",hot_take,1
Really liked Barbie but the Big Speech makes things a little too front and centre. I think the movie made the same points pretty well through its plot and characters,critique,1
"Same, I even rewatched it just to make sure I wasn't missing something. Blade Runner is a very boring movie that I feel is mostly remembered for its visuals than anything else. 2049 is a vastly superior film.",hot_take,1
Dear Zachary: A Letter to a Son About His Father. It's an absolutely devastating piece of media that had me ugly crying. It being a true story made it all the more draining.,reaction,1
"Makes sense. It's one of those films where the experience of watching it in a cinema — proper screen, proper sound — is almost impossible to replicate at home, and yet it's also one of the most rewatched films precisely because people are chasing that feeling again. The pacing in the second act is what I think divides people most. It slows down significantly when it shifts focus, and if you're not fully bought in emotionally by that point, it probably loses you. It's also one of the few big-budget films where the science is treated as genuinely interesting rather than just window dressing.",critique,1
"I've always hated the third act, but I'll never take any film's success away from anybody. It's clear that this movie resonates with a whole generation in a way that it never resonated with me. That said, it's pretty crazy how beloved Interstellar has become despite being Nolan's second lowest rated film with critics according to RT, right above Tenet.",critique,1
Aftersun needs to be high up there,reaction,1
"Andrew Scott — I know his impact hasn't been captured in awards just yet, but he's made such an impact on me as both a gay man and a cinephile. His time will come!",hot_take,1
"Hereditary is on another level, the other two don't even get close.",hot_take,1
"I mean, wasn't it literally the most awarded film of all time? It's a fine movie but in my book it is inarguably overrated, unless you think it's actually the best film ever made.",hot_take,1
"Dude, I cried during a scene with two rocks. Fuck Twitter.",reaction,1
I don't think there's anything you're missing about Obsession. Some more evidence it's intentional is how abruptly they transition a certain character into a mannequin in their death scene. I appreciated that it knows what it is going for and leans into it.,critique,1
"The people these movies greatly appeal to are the first in line to see them. They can tell by the marketing that it's up their alley. Then when they naturally enjoy the film, they spread the gospel. Eventually the film trickles down to people who maybe wouldn't otherwise have been interested. But they've heard such overwhelming praise that they give it a shot, and often come away disappointed because the movies have a hard time living up to the hype.",critique,1
"Infinity Pool. Started out intriguing, ended with me googling funny pictures of ducks.",reaction,1
Most overrated overhyped dreck I've ever seen.. couldn't wait for it to end,hot_take,1
"Del Toro's Frankenstein wasn't playing anywhere near me in the US. I was flying to Rome the next week. First night there, I walked half an hour to the nearest theater playing it and watched it. It was in English with Italian subtitles. It's a movie that deserved a much bigger theatrical release!",reaction,1
I got so excited when I thought the old ladies might be real witches and Hugh Grant's character was anti-religious dogma because he knew the true horror of the universe wasn't dogmatic but uncanny and horrifying,reaction,1
It's because the movie wears its heart on its sleeve. A lot of people are uncomfortable with sincerity and big emotions.,critique,1
"All of Us Strangers is one of those movies that just ruins me — it's 'I Saw the TV Glow' but for gay men. Andrew Scott was also amazing in Sherlock and Fleabag, and he really elevated an episode of Black Mirror which was at risk of being mid.",reaction,1
Never Let Me Go broke me,reaction,1
Come and See and City of Life and Death are possibly the best war films in my opinion. I believe any good war film is one that leaves you feeling unwell by the end of watching them and they both succeed in that.,critique,1
"If you want more modern stuff in this vein, Talk to Me, Bring her Back, It's What's Inside, and Barbarian would fit the bill.",hot_take,1
"Interstellar is overrated, it felt like some ideas from Futurama put together with an amazing soundtrack.",hot_take,1
Just saw The Iron Claw and it fucking destroyed me,reaction,1
"I know it's not the profoundest film out there but I had so much fun watching it. It's creative, it's different, it's funny. It's a perfect popcorn movie. It's easily better than any marvel movie.",hot_take,1
"2001: A Space Odyssey. I saw this for the first time in 70mm at my local theater. Was the perfect setting, I was so ready for it to enthrall me and... Dear god. Most of it was such a fucking slog. But the brilliant moments are unmistakably wonderful.",reaction,1
unironically Toy Story 3. I still hardcore cry every time I watch the garbage burning scene and for a really long time I would tear up pretty badly if anybody even mentioned that scene around me.,reaction,1
Yeah I agree it isn't deep it's just a really fun comedy horror. But I still do think it is still an excellent horror movie comparable to what OP listed on the merit of quality rather than depth of writing.,hot_take,1
"Oppenheimer. The pacing was so bad! The scenes and dialogue are so rapid-fire that I felt I barely knew what was going on. I also didn't care about any of the characters. Kitty's dramatic speech at the end left me cold, RDJ's character felt unmemorable, and Florence Pugh's character felt more like a plot device than a person.",critique,1
"EEAAO, Us, A Quiet Place — my holy trinity of overrated movies. EEAAO Oscar sweep is what really brought the haters out and seeing how Tár was my favorite movie of that year it was easy to hate EEAAO.",hot_take,1
I do think it is genuinely profound.,hot_take,1
Dancer in the Dark still makes me upset just thinking about it,reaction,1
"Suspiria by Dario Argento is my all time favorite horror movie. I also think David Lynch gets overlooked for his contributions to horror, his movies often get labelled as weird but they are also scary af.",hot_take,1
Del Toro always manages to make the 'slightly too on the nose' stuff work in a pretty unbelievable way because the emotion behind it is so genuine and gripping.,critique,1
"The America Ferrara speech in Barbie. Such a clever, subversive premise that seems to lose its nerve in that one moment and spoonfeed the audience when it didn't need to.",critique,1
Manchester by the Sea absolutely broke me.,reaction,1
"God, All of Us Strangers was rough. An amazing tear-jerker, but also not in a forceful way.",reaction,1
Casablanca - the way Rick expresses his love is so moving. I started crying AFTER watching this movie and thinking back on it.,reaction,1
"I think Interstellar isn't 5/5 because of its ending, however most people have their lives changed because of the awe inspiring experience. Me thinking the ending is bad doesn't mean every single takeaway from the film is invalid, the good so greatly outweighs the 'bad' even to me.",critique,1
Really good film. Overrated on Reddit and Letterboxd. Not even a top 5 Nolan movie.,hot_take,1
I could watch 1 million movies and EEAAO would still be my favorite.,hot_take,1
Movie has a ton of heart but even more exposition.,critique,1
don't look now was really really ahead of its time.,hot_take,1
This movie was so beautiful and amazing I would definitely go through all of this to watch it again.,reaction,1
Nolan's best film is The Prestige,hot_take,1
"Emilia Perez — Bad Spanish seems unforgivable in a major international production like this. The songs are mostly bland and weak, jarringly much weaker than the pretty good choreography and camera work during the musical numbers.",critique,1
Sinners: The music thing was awesome but wasn't enough to make me wanna watch it again. There are a lot of odd cuts and the whole criminals discover vampires twist halfway in has already been done by From Dusk Till Dawn. The whole middle of the movie was extremely dialogue heavy and kinda boring.,critique,1
Interstellar is good though I think it deserves to be the most watched movie on the site in the same way Sinners deserves to be the most Oscar nominated film of all time.,hot_take,1
"The part where Brad Pitt is on the space phone to his wife and she says something like 'You're so distant Brad Pitt... not just physically but emotionally' — yes Ad Astra, I picked up on that.",critique,1
Grave of the Fireflies — it's always the right answer to these sort of questions,hot_take,1
I adored EEAAO. I love that beneath the wacky concept there is a sincere and deeply human core.,reaction,1
Saw it in IMAX last year and boy howdy,reaction,1
I was so annoyed with Heretic. It started out so promising. When Hugh Grant said that he 'found the ultimate religion' I was thinking we were going to get into some cosmic horror Lovecraftian shit. Nope.,reaction,1
This movie permanently altered my brain chemistry. Absolutely devastating.,reaction,1
They literally do that millennial writing thing where a character goes 'Awkward!' at a potentially emotional moment. This is not a good movie.,hot_take,1
Room (2015) obliterated me tbh,reaction,1
Andrew Scott's take on the 'To Be or Not To Be' speech in Hamlet is legitimately astounding work.,hot_take,1
I actually enjoyed Once Upon a Time in Hollywood the second time a lot more than the first time. Once you GET IT then everything kind of aligns itself perfectly.,reaction,1
When the kids talk about 'rizz'... it's Sam Rockwell I always think about. He's just got such a natural magnetism. That bastard oozes charisma.,hot_take,1
Experiencing it as an adult was an amazing experience. I hadn't seen it since it released but it was in theaters last year.,reaction,1
Boys Don't Cry for me. I've never really been able to watch Peter Sarsgaard again.,reaction,1
"I thought Oppenheimer was kinda cheesy. The quippy, one-liner-packed dialogue with lots of clever back-and-forth retorts made it feel almost like a marvel movie. Nobody acted realistic enough for it to be grounded.",critique,1
The End Of Evangelion. I didn't even cry I just felt emotionally hollow afterwards.,reaction,1
Emilia Perez: Songs and dialogue written by French people who don't know Latin music or speak Spanish — that's where it lost me.,hot_take,1
"In some ways A Beautiful Day in the Neighborhood messed me up. I felt like it touched me, deeply, emotionally early on in the film. I was on the verge of tears most of the film.",reaction,1
"I can't stand Andrew Scott, especially in Sherlock. He was insufferable.",hot_take,1
2001 is my answer to this thread. But Jesus Christ it's aged UNBELIEVABLY well. It does not look like a late 60s movie at all.,hot_take,1
"Once Upon A Time In Hollywood — I for the most part LOVE Tarantino's movies, but this was NOT good imo. Maybe I just didn't get it? I have no clue, but it was blegh.",hot_take,1
"I don't have any suggestions because I'm pretty new to the horror genre, but I just wanted to say Inde Navarette made Obsession good. At its base, it's a pretty common concept, but her acting was so phenomenal in it that it really elevated it to a whole other level.",critique,1
Manchester by the sea. It's a specific type of sadness though. More of a slow burn melancholy.,reaction,1
The 'I can't beat it.' scene. I lost it. One of my favorite films of all time and lead performances.,reaction,1
"LaKeith Stanfield — I haven't loved everything he's been in, but I've always found him very watchable.",hot_take,1
City of God. I couldn't play cod for like 2 weeks after watching it. Laugh at me all you want but that movie hit me like a damn freight train.,reaction,1
"Late Night With The Devil is super underrated imo. Not in the leagues of these 3, rosemary, exorcist etc. But very well made.",hot_take,1
I felt like I needed a shower after I watched Threads. Just sapped all of the happiness out of my life for a solid day.,reaction,1
Emilia Perez: it's a musical where all the songs are bad for starters. I don't think Gomez is necessarily bad either — the script she was given was dreadful. It's like all the good writing was left for Saldana and the rest of the cast were left to feed on scraps.,critique,1
"It makes sense. It's an accessible and well-made sci-fi film from a pseudo-intellectual director. For people getting into film, it's a good entry point that bridges them to greater works.",critique,1
The new Frankenstein adaptation literally has a character say to Victor 'YOU'RE the real monster!',hot_take,1
It gets better every time you rewatch it — there are very few movies that actually do that.,hot_take,1
"Wolf Man (2025) would have been so much better if the Generational Trauma wasn't 'being told off for misbehaving'. Still wouldn't have been good, but it would be better.",critique,1
I think how much you like Once Upon a Time in Hollywood is determined by your threshold for movies where a bunch of good actors essentially just vibe for an hour or two.,critique,1
I realized a while ago that I just love old Hollywood and don't really click with arthouse cinema. But it took a lot of wasted hours trying to make it through Godard movies that LOOKED cool but did nothing for me.,reaction,1
Watching it in a cinema was a fun experience. Watching at home I actually found it really embarrassing to watch at times. Really tumblr-style humor hammered into the viewer.,critique,1
"it's one of those movies that you may not immediately think of to rewatch, but once on, you will find yourself standing in front of the tv for longer than you should've",reaction,1
"Past Lives, not during the pivotal scene, but for some reason when Hae-Sung was looking out of his taxi at the end",reaction,1
"It getting a cinematography nom is also a joke. I feel like people confused production design with cinematography. The sets are beautiful, stunning things. But if only they'd been filmed with something other than the same shitty wide-angle lens and handheld camera with bland Netflix lighting the entire time, we might have been able to actually appreciate how amazing it all could have looked.",critique,1
"Mysterious Skin (2004) — great movie, absolutely heartbreaking.",reaction,1
